{"cameraMode":{"drawMode":0,"name":"Shaded","section":"Shading Mode"},"sceneLighting":true,"audioPlay":false,"sceneViewState":{"m_AlwaysRefresh":false,"showFog":true,"showSkybox":true,"showFlares":true,"showImageEffects":true,"showParticleSystems":true,"showVisualEffectGraphs":true,"m_FxEnabled":true},"in2DMode":false,"pivot":{"x":22.004304885864259,"y":-3.710134506225586,"z":-17.803062438964845},"rotation":{"x":0.026255475357174875,"y":0.973182201385498,"z":-0.1429089605808258,"w":0.17865948379039765},"size":37.383731842041019,"orthographic":false}