{"cameraMode":{"drawMode":0,"name":"Shaded","section":"Shading Mode"},"sceneLighting":false,"audioPlay":false,"sceneViewState":{"m_AlwaysRefresh":false,"showFog":true,"showSkybox":false,"showFlares":true,"showImageEffects":true,"showParticleSystems":true,"showVisualEffectGraphs":true,"m_FxEnabled":true},"in2DMode":false,"pivot":{"x":0.06319443881511688,"y":0.1300329566001892,"z":1.7961196899414063},"rotation":{"x":-0.12098387628793717,"y":-0.7110810279846191,"z":0.12631943821907044,"w":-0.6810632348060608},"size":0.3527756631374359,"orthographic":false}